/*数据库名：实验室安排预约系统*/
----------------------------------------------
---------------插入数据脚本1.0----------------
----------------------------------------------

-----------向教师信息表中添加数据---------


insert into 教师信息表 values('10001','王高平','信息科学与工程学院','13677585210')
go
insert into 教师信息表 values('10002','阎娟','信息科学与工程学院','13674215210')
go
insert into 教师信息表 values('10003','白浩','信息科学与工程学院','13894515510')
go
insert into 教师信息表 values('10004','唐建国','信息科学与工程学院','13660575124')
go
insert into 教师信息表 values('10005','侯惠芳','信息科学与工程学院','13945782121')
go
insert into 教师信息表 values('10006','孙宜贵','信息科学与工程学院','18811523562')
go
insert into 教师信息表 values('10007','于俊伟','信息科学与工程学院','13645825215')
go
insert into 教师信息表 values('10008','张继新','信息科学与工程学院','13746793164')
go
insert into 教师信息表 values('10009','陈亮','理学院','13678525355')
go
insert into 教师信息表 values('10010','朱正','电气工程学院','13964315420')
go
insert into 教师信息表 values('10011','王赞民','新闻与传播学院','13845883656')
go

-----------向用户登录信息表中添加数据---------

insert into 用户登录信息表 values('10001','wgp666',1)
go
insert into 用户登录信息表 values('10002','yz666',0)
go
insert into 用户登录信息表 values('10003','bh666',0)
go
insert into 用户登录信息表 values('10004','tjg666',0)
go
insert into 用户登录信息表 values('10005','hhf666',0)
go
insert into 用户登录信息表 values('10006','syg666',0)
go
insert into 用户登录信息表 values('10007','yjw666',0)
go
insert into 用户登录信息表 values('10008','zjx666',0)
go
insert into 用户登录信息表 values('10009','cl666',0)
go
insert into 用户登录信息表 values('10010','zz666',0)
go
insert into 用户登录信息表 values('10011','wzm666',0)
go

-----------向实验室信息表中添加数据---------

insert into 实验室信息表 values('6310','6号楼3楼西南','电脑房',100,'电脑装有各种编程软件')
go
insert into 实验室信息表 values('6311','6号楼3楼西南','电脑房',120,'设备较老')
go
insert into 实验室信息表 values('6312','6号楼3楼西南','电脑房',110,null)
go
insert into 实验室信息表 values('6313','6号楼3楼西南','硬件房',90,'内有微机原理、组成原理实验器材')
go
insert into 实验室信息表 values('6314','6号楼3楼西南','硬件房',60,'内有大学物理实验器材')
go
insert into 实验室信息表 values('5510','5号楼5楼东北','电脑房',150,'电脑装有各种Adobe软件')
go
insert into 实验室信息表 values('5511','5号楼5楼东北','电脑房',150,'电脑装有英语听力测试软件')
go
insert into 实验室信息表 values('7410','7号楼4楼西北','大型机器房',100,'含有大型集成电路机器')
go
insert into 实验室信息表 values('7411','7号楼4楼西北','小型机器房',100,'含有各种电气小实验需要器械')
go

-----------向实验室关闭时间表中添加数据---------

insert into 实验室关闭时间表 values('6310',9,12,111001,1011110)
go
insert into 实验室关闭时间表 values('6311',10,12,110110,1111000)
go
insert into 实验室关闭时间表 values('6312',17,18,110101,0011010)
go
insert into 实验室关闭时间表 values('6313',18,20,100000,0000000)
go
insert into 实验室关闭时间表 values('6314',18,20,000000,0000000)
go
insert into 实验室关闭时间表 values('5510',1,19,110110,1011101)
go
insert into 实验室关闭时间表 values('5511',1,19,111111,1111110)
go
insert into 实验室关闭时间表 values('7410',5,15,111110,1111010)
go
insert into 实验室关闭时间表 values('7411',5,15,110110,1001110)
go

-----------向班级课程表中添加数据---------

insert into 班级课程表 values('10001','4532','编译原理','CS1504','10002',3,11,3,4)
go
insert into 班级课程表 values('10002','4237','编译原理','CS1504','10002',3,12,5,2)
go


-----------向实验室预约记录表中添加数据---------

insert into 实验室预约记录表 values('10000001','10001','6310','10002',3,8,3,2)
go
insert into 实验室预约记录表 values('10000002','10002','6310','10002',3,8,5,1)
go
insert into 实验室预约记录表 values('10000003','6310','10003',4,8,3,1)
go
insert into 实验室预约记录表 values('10000004','6310','10003',4,7,5,3)
go
insert into 实验室预约记录表 values('10000005','6310','10004',3,8,1,2)
go
insert into 实验室预约记录表 values('10000006','6310','10004',3,8,3,3)
go
insert into 实验室预约记录表 values('10000007','6310','10005',13,13,4,2)
go
insert into 实验室预约记录表 values('10000008','6310','10005',14,15,5,2)
go
insert into 实验室预约记录表 values('10000009','6310','10005',17,17,4,1)
go
insert into 实验室预约记录表 values('10000010','6311','10006',3,9,1,2)
go
insert into 实验室预约记录表 values('10000011','6311','10006',5,9,3,2)
go
insert into 实验室预约记录表 values('10000012','6311','10007',13,15,2,2)
go
insert into 实验室预约记录表 values('10000013','6311','10007',13,17,4,2)
go
insert into 实验室预约记录表 values('10000014','6311','10008',14,14,3,1)
go
